Id,LotArea,YearBuilt,Heating,CentralAir,FullBath,HalfBath,BedroomAbvGr,TotRmsAbvGrd,GarageCars
1,8450,2003,GasA,Y,2,1,3,8,2
2,9600,1976,GasA,Y,2,0,3,6,2
3,11250,2001,GasA,Y,2,1,3,6,2
4,9550,1915,GasA,Y,1,0,3,7,3
5,14260,2000,GasA,Y,2,1,4,9,3
6,14115,1993,GasA,Y,1,1,1,5,2
7,10084,2004,GasA,Y,2,0,3,7,2
8,10382,1973,GasA,Y,2,1,3,7,2
9,6120,1931,GasA,Y,2,0,2,8,2
10,7420,1939,GasA,Y,1,0,2,5,1
11,11200,1965,GasA,Y,1,0,3,5,1
12,11924,2005,GasA,Y,3,0,4,11,3
13,12968,1962,GasA,Y,1,0,2,4,1
14,10652,2006,GasA,Y,2,0,3,7,3
15,10920,1960,GasA,Y,1,1,2,5,1
16,6120,1929,GasA,Y,1,0,2,5,2
17,11241,1970,GasA,Y,1,0,2,5,2
18,10791,1967,GasA,Y,2,0,2,6,2
19,13695,2004,GasA,Y,1,1,3,6,2
20,7560,1958,GasA,Y,1,0,3,6,1
21,14215,2005,GasA,Y,3,1,4,9,3
22,7449,1930,GasA,Y,1,0,3,6,1
23,9742,2002,GasA,Y,2,0,3,7,2
24,4224,1976,GasA,Y,1,0,3,6,2
25,8246,1968,GasA,Y,1,0,3,6,1
26,14230,2007,GasA,Y,2,0,3,7,3
27,7200,1951,GasA,Y,1,0,3,5,2
28,11478,2007,GasA,Y,2,0,3,7,3
29,16321,1957,GasA,Y,1,0,2,6,1
30,6324,1927,GasA,N,1,0,1,4,1
31,8500,1920,GasA,N,1,0,3,6,1
32,8544,1966,GasA,Y,1,1,3,6,1
33,11049,2007,GasA,Y,2,0,3,7,2
34,10552,1959,GasA,Y,1,1,4,6,2
35,7313,2005,GasA,Y,2,0,2,6,2
36,13418,2004,GasA,Y,3,1,4,9,3
37,10859,1994,GasA,Y,1,1,3,6,2
38,8532,1954,GasA,Y,1,0,3,5,2
39,7922,1953,GasA,Y,1,0,3,5,1
40,6040,1955,GasA,N,2,0,2,6,0
41,8658,1965,GasA,Y,2,0,3,6,2
42,16905,1959,GasA,Y,1,1,2,5,1
43,9180,1983,GasA,Y,1,0,2,5,2
44,9200,1975,GasA,Y,1,0,3,5,1
45,7945,1959,GasA,Y,1,0,3,6,1
46,7658,2005,GasA,Y,2,0,2,6,2
47,12822,2003,GasA,Y,1,1,1,6,2
48,11096,2006,GasA,Y,2,0,3,7,3
49,4456,1920,GasA,Y,2,0,2,8,0
50,7742,1966,GasA,Y,1,0,3,6,1
51,13869,1997,GasA,Y,2,0,3,6,2
52,6240,1934,GasA,Y,1,0,3,6,2
53,8472,1963,GasA,N,1,0,2,5,2
54,50271,1981,GasA,Y,0,1,0,5,3
55,7134,1955,GasA,Y,1,0,3,6,2
56,10175,1964,GasA,Y,2,0,3,7,2
57,2645,1999,GasA,Y,2,1,3,7,2
58,11645,2004,GasA,Y,2,1,3,7,2
59,13682,2006,GasA,Y,3,1,3,10,3
60,7200,1972,GasA,Y,1,0,2,4,1
61,13072,2004,GasA,Y,1,1,3,5,2
62,7200,1920,GasA,N,1,0,3,6,1
63,6442,2006,GasA,Y,2,0,2,6,2
64,10300,1921,GasA,Y,2,0,3,9,2
65,9375,1997,GasA,Y,2,1,3,8,2
66,9591,2004,GasA,Y,2,1,4,9,3
67,19900,1970,GasA,Y,2,0,3,7,2
68,10665,2003,GasA,Y,2,0,3,7,2
69,4608,1945,GasA,Y,1,0,2,4,1
70,15593,1953,GasW,Y,2,0,3,7,2
71,13651,1973,GasA,Y,2,0,3,8,2
72,7599,1982,GasA,Y,1,0,2,4,2
73,10141,1998,GasA,Y,2,1,3,7,2
74,10200,1954,GasA,Y,1,0,3,6,2
75,5790,1915,GasA,N,2,0,3,8,1
76,1596,1973,GasA,Y,1,0,2,5,1
77,8475,1956,GasA,Y,1,0,2,4,1
78,8635,1948,GasA,Y,1,0,2,6,1
79,10778,1968,GasA,N,2,0,4,8,0
80,10440,1910,GasA,Y,1,1,2,5,2
81,13000,1968,GasA,Y,2,1,4,8,1
82,4500,1998,GasA,Y,2,0,2,5,2
83,10206,2007,GasA,Y,2,0,3,6,3
84,8892,1960,GasA,Y,1,1,3,6,2
85,8530,1995,GasA,Y,2,1,3,7,2
86,16059,1991,GasA,Y,2,1,4,9,2
87,11911,2005,GasA,Y,2,1,3,6,2
88,3951,2009,GasA,Y,2,1,2,4,2
89,8470,1915,GasA,N,1,0,2,6,0
90,8070,1994,GasA,Y,1,0,3,5,0
91,7200,1950,GasA,Y,1,0,2,4,2
92,8500,1961,GasA,Y,1,0,2,6,2
93,13360,1921,GasA,Y,1,0,2,5,2
94,7200,1910,GasW,N,2,0,4,9,2
95,9337,1997,GasA,Y,2,1,3,7,2
96,9765,1993,GasA,Y,2,1,3,6,2
97,10264,1999,GasA,Y,2,0,3,6,2
98,10921,1965,GasA,Y,1,0,3,6,1
99,10625,1920,GasA,N,1,0,2,5,1
100,9320,1959,GasA,Y,1,1,3,6,0
101,10603,1977,GasA,Y,2,0,3,6,2
102,9206,1985,GasA,Y,2,1,3,7,2
103,7018,1979,GasA,Y,2,0,4,8,2
104,10402,2009,GasA,Y,2,0,3,6,3
105,7758,1931,GasA,Y,1,1,4,7,1
106,9375,2003,GasA,Y,2,1,3,9,2
107,10800,1885,GasA,Y,1,0,2,6,1
108,6000,1948,GasA,Y,1,0,2,5,1
109,8500,1919,GasW,N,2,0,3,7,0
110,11751,1977,GasA,Y,2,0,3,7,2
111,9525,1954,GasA,Y,2,0,4,7,1
112,7750,2000,GasA,Y,2,1,3,7,2
113,9965,2007,GasA,Y,2,1,4,10,3
114,21000,1953,GasA,Y,2,0,3,7,2
115,7259,1945,GasA,Y,2,1,3,9,1
116,3230,1999,GasA,Y,2,1,2,5,2
117,11616,1962,GasA,Y,1,0,3,6,1
118,8536,2006,GasA,Y,1,1,2,5,2
119,12376,1990,GasA,Y,3,0,5,11,3
120,8461,2005,GasA,Y,2,1,3,8,2
121,21453,1969,GasA,Y,1,0,1,4,2
122,6060,1939,GasA,Y,1,0,3,4,1
123,9464,1958,GasA,Y,1,0,3,5,1
124,7892,1993,GasA,Y,2,0,2,5,2
125,17043,1979,GasA,Y,2,0,3,7,2
126,6780,1935,GasA,N,1,0,2,5,0
127,4928,1976,GasA,Y,2,0,2,5,2
128,4388,1930,GasA,Y,1,0,3,5,0
129,7590,1966,GasA,Y,1,1,3,6,2
130,8973,1958,GasA,Y,1,1,3,6,2
131,14200,1966,GasA,Y,2,1,4,8,2
132,12224,2000,GasA,Y,2,1,3,7,2
133,7388,1959,GasA,Y,1,0,3,7,2
134,6853,2001,GasA,Y,2,0,2,6,2
135,10335,1968,GasA,Y,2,1,3,7,2
136,10400,1970,GasA,Y,2,0,3,7,2
137,10355,1967,GasA,Y,2,0,3,5,1
138,11070,1988,GasA,Y,3,0,5,9,3
139,9066,1999,GasA,Y,2,1,3,7,3
140,15426,1997,GasA,Y,2,1,3,7,2
141,10500,1971,GasA,Y,1,0,3,5,0
142,11645,2005,GasA,Y,2,0,3,7,2
143,8520,1952,GasA,Y,2,0,4,6,2
144,10335,1999,GasA,Y,2,0,3,6,2
145,9100,1963,GasA,Y,2,0,6,10,2
146,2522,2004,GasA,Y,2,0,3,7,2
147,6120,1931,GasA,Y,1,0,2,5,1
148,9505,2001,GasA,Y,2,1,3,8,2
149,7500,2004,GasA,Y,1,0,3,6,0
150,6240,1936,GasA,Y,1,0,3,7,1
151,10356,1975,GasA,Y,1,1,3,5,2
152,13891,2007,GasA,Y,2,0,2,6,3
153,14803,1971,GasA,Y,2,1,4,8,2
154,13500,1960,GasA,Y,1,0,1,4,2
155,11340,1923,GasA,Y,1,0,4,7,1
156,9600,1924,Grav,N,1,0,2,5,0
157,7200,1950,GasA,Y,1,0,2,5,2
158,12003,2009,GasA,Y,2,1,4,8,3
159,12552,2004,GasA,Y,2,1,3,8,2
160,19378,2005,GasA,Y,2,1,4,9,2
161,11120,1984,GasA,Y,2,0,3,6,2
162,13688,2003,GasA,Y,2,1,3,10,3
163,12182,2005,GasA,Y,2,0,3,7,2
164,5500,1956,GasA,Y,1,0,1,4,0
165,5400,1926,GasA,Y,2,0,3,5,1
166,10106,1940,GasA,Y,2,0,4,6,0
167,10708,1955,GasA,Y,1,0,2,7,1
168,10562,2007,GasA,Y,1,1,3,8,3
169,8244,2004,GasA,Y,2,1,3,7,2
170,16669,1981,GasA,Y,2,1,2,6,2
171,12358,1941,GasA,Y,1,1,2,7,2
172,31770,1960,GasA,Y,1,0,3,7,2
173,5306,1987,GasA,Y,2,0,2,5,2
174,10197,1961,GasA,Y,1,1,3,6,2
175,12416,1986,GasA,Y,2,0,3,7,2
176,12615,1950,GasA,Y,2,0,4,7,2
177,10029,1988,GasA,Y,2,1,4,8,2
178,13650,1958,GasA,Y,2,0,4,8,2
179,17423,2008,GasA,Y,2,0,1,9,3
180,8520,1923,GasA,Y,1,0,2,5,2
181,2117,2000,GasA,Y,2,1,3,5,2
182,7588,1920,GasA,Y,1,1,4,9,1
183,9060,1957,GasA,Y,1,0,3,7,1
184,11426,2003,GasA,Y,2,1,3,6,2
185,7438,1908,GasA,Y,1,0,3,5,2
186,22950,1892,GasA,Y,2,1,4,12,3
187,9947,1990,GasA,Y,2,0,3,6,2
188,10410,1916,GasA,Y,2,1,3,8,1
189,7018,1979,GasA,Y,0,2,2,6,2
190,4923,2001,GasA,Y,1,1,0,5,2
191,10570,1932,GasA,Y,2,1,3,10,2
192,7472,1972,GasA,Y,1,1,4,7,2
193,9017,1999,GasA,Y,2,0,3,6,2
194,2522,2004,GasA,Y,2,0,3,7,2
195,7180,1972,GasA,Y,1,0,3,5,1
196,2280,1976,GasA,Y,2,1,3,7,2
197,9416,2007,GasA,Y,2,0,3,8,3
198,25419,1918,GasA,Y,2,0,4,8,2
199,5520,1912,GasA,Y,1,0,5,8,0
200,9591,2004,GasA,Y,2,0,3,7,3
201,8546,2003,GasA,Y,2,0,2,5,2
202,10125,1977,GasA,Y,2,0,3,6,2
203,7000,1924,GasA,Y,2,0,2,6,1
204,4438,2004,GasA,Y,1,0,1,3,2
205,3500,1947,GasA,Y,1,1,2,5,1
206,11851,1990,GasA,Y,2,0,3,5,2
207,13673,1962,GasA,Y,1,1,3,8,1
208,12493,1960,GasA,Y,1,0,3,6,1
209,14364,1988,GasA,Y,2,1,3,7,2
210,8250,1964,GasA,Y,1,0,3,6,2
211,5604,1925,GasA,N,1,0,2,5,0
212,10420,2009,GasA,Y,2,0,3,6,2
213,8640,2009,GasA,Y,2,1,3,7,2
214,13568,1995,GasA,Y,1,0,3,5,2
215,10900,1977,GasA,Y,1,1,3,6,1
216,10011,1957,GasA,Y,1,0,2,6,1
217,8450,2004,GasA,Y,2,0,3,8,2
218,9906,1925,GasA,N,1,0,3,8,1
219,15660,1939,GasA,Y,1,1,3,8,2
220,3010,2005,GasA,Y,2,0,2,5,2
221,8990,2006,GasA,Y,2,0,2,5,2
222,8068,2002,GasA,Y,2,1,4,8,2
223,11475,1975,GasA,Y,2,1,3,6,2
224,10500,1971,GasA,Y,1,0,2,4,2
225,13472,2003,GasA,Y,2,0,3,8,3
226,1680,1971,GasA,Y,2,1,3,6,1
227,9950,1995,GasA,Y,2,1,4,9,3
228,1869,1970,GasA,Y,1,1,2,5,1
229,8521,1967,GasA,Y,1,0,3,5,1
230,3182,2005,GasA,Y,2,0,2,7,2
231,8760,1959,GasA,Y,1,0,3,6,1
232,15138,1995,GasA,Y,2,1,4,9,3
233,1680,1972,GasA,Y,1,1,2,5,1
234,10650,1976,GasA,Y,1,0,3,5,1
235,7851,2002,GasA,Y,2,1,4,8,2
236,1680,1971,GasA,Y,1,1,2,5,1
237,8773,2004,GasA,Y,2,0,3,6,2
238,9453,1993,GasA,Y,2,1,3,7,2
239,12030,2007,GasA,Y,2,0,3,7,3
240,8741,1945,GasA,Y,1,1,3,7,1
241,9000,2008,GasA,Y,2,0,3,7,2
242,3880,1945,GasA,Y,1,0,2,4,0
243,5000,1900,GasA,N,1,0,3,6,1
244,10762,1980,GasA,Y,1,1,3,6,1
245,8880,1994,GasA,Y,2,1,3,8,2
246,10400,1988,GasA,Y,2,0,3,6,2
247,9142,1910,GasA,N,2,0,4,9,1
248,11310,1954,GasA,Y,1,0,2,5,2
249,11317,2003,GasA,Y,2,1,3,8,2
250,159000,1958,GasA,Y,2,0,4,7,2
251,5350,1940,GasA,Y,1,0,3,6,0
252,4750,2006,GasA,Y,2,0,2,5,2
253,8366,2004,GasA,Y,2,1,3,6,2
254,9350,1964,GasA,Y,2,0,3,7,1
255,8400,1957,GasA,Y,1,0,3,5,1
256,8738,1999,GasA,Y,2,1,4,8,2
257,8791,2003,GasA,Y,2,1,3,7,2
258,8814,2006,GasA,Y,2,1,3,8,2
259,12435,2001,GasA,Y,2,1,3,7,2
260,12702,1956,GasA,Y,1,0,2,4,1
261,19296,1962,GasA,Y,1,0,3,6,2
262,9588,2007,GasA,Y,2,1,3,10,3
263,8471,1977,GasA,Y,1,0,3,6,2
264,5500,1929,GasA,Y,1,0,3,6,2
265,5232,1925,GasA,N,1,0,2,4,2
266,12090,1981,GasA,Y,2,0,3,7,2
267,11207,1997,GasA,Y,2,1,3,8,2
268,8400,1939,GasA,Y,2,1,4,8,1
269,6900,1940,GasA,Y,1,0,2,4,1
270,7917,1976,GasA,Y,1,1,3,6,1
271,10728,2006,GasA,Y,2,1,3,8,3
272,39104,1954,GasA,Y,1,0,2,5,2
273,11764,1999,GasA,Y,2,1,4,9,3
274,9600,1958,GasA,Y,2,0,3,6,1
275,8314,1982,GasA,Y,1,0,2,5,1
276,7264,1925,GasW,N,2,1,3,5,2
277,9196,2003,GasA,Y,2,0,3,7,2
278,19138,1951,GasA,Y,1,0,2,4,2
279,14450,2006,GasA,Y,2,1,3,8,3
280,10005,1977,GasA,Y,2,1,4,8,2
281,11287,1989,GasA,Y,2,1,3,7,2
282,7200,2006,GasA,Y,2,0,2,5,2
283,5063,2007,GasA,Y,2,0,2,6,2
284,9612,2008,GasA,Y,2,0,3,6,3
285,8012,1992,GasA,Y,2,0,2,5,2
286,4251,2006,GasA,Y,2,1,2,5,2
287,9786,1962,GasA,Y,1,1,3,7,2
288,8125,1971,GasA,Y,1,0,3,5,0
289,9819,1967,GasA,Y,1,0,3,5,1
290,8730,1915,GasA,Y,1,0,3,7,1
291,15611,2006,GasA,Y,2,1,3,8,2
292,5687,1912,GasA,N,2,0,6,9,0
293,11409,1949,GasA,Y,1,1,3,8,1
294,16659,1977,GasA,Y,2,1,3,9,2
295,9600,1953,GasA,Y,1,0,3,7,2
296,7937,1984,GasA,Y,1,0,3,6,2
297,13710,1950,GasA,Y,1,1,4,6,1
298,7399,1997,GasA,Y,2,1,3,7,2
299,11700,1968,GasA,Y,1,2,3,7,2
300,14000,1950,GasA,Y,1,0,3,6,1
301,15750,1953,GasA,Y,1,0,2,5,1
302,16226,1998,GasA,Y,2,1,4,9,2
303,13704,2001,GasA,Y,2,0,3,6,3
304,9800,1972,GasA,Y,1,0,3,5,2
305,18386,1880,GasA,Y,3,0,3,10,3
306,10386,2004,GasA,Y,2,0,3,8,3
307,13474,1990,GasA,Y,2,1,4,8,3
308,7920,1920,GasA,Y,1,0,3,6,0
309,12342,1940,GasA,Y,1,0,1,4,2
310,12378,2003,GasA,Y,2,0,3,8,3
311,7685,1993,GasA,Y,2,1,3,6,2
312,8000,1948,GasA,Y,1,0,2,5,1
313,7800,1939,GasA,Y,1,0,3,5,2
314,215245,1965,GasW,Y,2,0,3,8,2
315,9600,1925,GasA,Y,1,1,3,6,2
316,7795,2004,GasA,Y,2,1,3,6,2
317,13005,1980,GasA,Y,2,1,4,10,2
318,9000,2006,GasA,Y,2,1,3,8,3
319,9900,1993,GasA,Y,2,1,4,9,3
320,14115,1980,GasA,Y,2,0,3,6,2
321,16259,2006,GasA,Y,3,1,4,9,3
322,12099,2004,GasA,Y,2,1,4,10,3
323,10380,1986,GasA,Y,2,1,4,8,2
324,5820,1955,GasA,Y,1,0,3,6,1
325,11275,1967,GasA,Y,2,1,5,11,2
326,5000,1941,GasA,N,1,0,2,5,2
327,10846,1993,GasA,Y,1,1,1,6,2
328,11600,1960,GasA,Y,1,1,3,7,1
329,11888,1916,GasA,N,2,0,5,10,2
330,6402,1920,GasA,N,1,0,3,6,1
331,10624,1964,GasA,Y,2,0,6,10,1
332,8176,1958,GasA,Y,1,0,3,6,1
333,10655,2003,GasA,Y,2,0,3,7,3
334,8198,2004,GasA,Y,2,0,2,6,2
335,9042,1998,GasA,Y,2,1,3,7,2
336,164660,1965,GasA,Y,2,0,3,7,2
337,14157,2005,GasA,Y,2,0,3,8,3
338,9135,2002,GasA,Y,2,0,3,7,2
339,14145,1984,GasA,Y,2,0,3,8,2
340,12400,1958,GasA,Y,1,0,3,6,1
341,14191,2002,GasA,Y,2,1,4,9,2
342,8400,1950,GasA,Y,1,0,2,4,1
343,8544,1949,Wall,N,2,0,2,6,2
344,8849,2005,GasA,Y,2,0,2,6,2
345,2592,1976,GasA,Y,1,1,3,4,1
346,6435,1939,GasA,Y,1,0,3,6,1
347,12772,1960,GasA,Y,1,0,2,5,1
348,17600,1960,GasA,Y,2,0,3,6,2
349,2448,2003,GasA,Y,2,1,2,6,2
350,20431,2005,GasA,Y,2,1,4,10,3
351,7820,2007,GasA,Y,2,0,2,6,2
352,5271,1986,GasA,Y,1,1,2,6,2
353,9084,1941,GasA,N,1,0,3,5,1
354,8520,1928,GasA,Y,1,0,2,5,2
355,8400,1940,GasA,Y,1,0,2,6,1
356,11249,1995,GasA,Y,2,0,3,6,2
357,9248,1992,GasA,Y,2,0,3,6,2
358,4224,1976,GasA,Y,1,1,3,6,2
359,6930,1958,GasA,Y,1,0,3,6,1
360,12011,1998,GasA,Y,2,1,3,7,2
361,7540,1978,GasA,Y,1,0,2,5,2
362,9144,1940,GasA,Y,1,0,3,8,1
363,7301,2003,GasA,Y,3,0,4,7,2
364,1680,1972,GasA,Y,1,1,2,5,1
365,18800,1976,GasA,Y,2,1,3,6,2
366,10690,1920,GasA,Y,1,0,3,6,1
367,9500,1963,GasA,Y,1,1,3,6,2
368,9150,1962,GasA,Y,1,0,3,6,1
369,7800,1954,GasA,Y,1,0,2,7,1
370,9830,1959,GasA,Y,1,0,3,7,2
371,8121,2000,GasA,Y,2,1,3,7,2
372,17120,1959,GasA,Y,2,0,4,7,2
373,7175,1984,GasA,Y,1,0,2,4,1
374,10634,1953,GasA,Y,1,0,3,5,1
375,8200,2003,GasA,Y,2,1,4,8,2
376,10020,1922,GasA,N,0,1,1,4,0
377,8846,1996,GasA,Y,1,0,2,5,2
378,11143,2004,GasA,Y,3,0,4,8,2
379,11394,2010,GasA,Y,1,1,1,8,3
380,8123,2000,GasA,Y,2,1,3,7,2
381,5000,1924,GasA,Y,2,0,3,6,1
382,7200,2006,GasA,Y,2,0,2,5,2
383,9245,2006,GasA,Y,2,1,3,8,2
384,9000,1928,GasA,N,1,0,2,5,2
385,53107,1992,GasA,Y,2,1,3,9,2
386,3182,2004,GasA,Y,2,0,2,6,2
387,8410,1910,GasA,Y,1,0,5,8,0
388,7200,1976,GasA,Y,1,0,3,6,1
389,9382,1999,GasA,Y,2,0,3,6,2
390,12474,2007,GasA,Y,2,1,3,9,3
391,8405,1900,GasA,Y,1,0,4,7,1
392,12209,2001,GasA,Y,2,1,3,7,2
393,8339,1959,GasA,Y,1,0,3,5,1
394,7446,1941,GasA,Y,1,0,2,4,0
395,10134,1940,GasA,Y,1,0,2,5,1
396,9571,1956,GasA,Y,1,0,3,6,1
397,7200,1972,GasA,Y,1,0,2,6,2
398,7590,1962,GasA,Y,2,0,4,8,1
399,8967,1920,GasA,Y,1,0,2,6,1
400,8125,2006,GasA,Y,2,0,2,7,2
401,14963,1996,GasA,Y,1,1,1,4,2
402,8767,2005,GasA,Y,2,0,3,6,2
403,10200,1940,GasA,Y,1,0,2,4,1
404,12090,1998,GasA,Y,2,1,4,10,2
405,10364,1995,GasA,Y,2,1,3,7,2
406,9991,1976,GasA,Y,2,0,3,8,2
407,10480,1936,GasA,Y,1,0,3,6,1
408,15576,1915,GasA,Y,2,0,4,8,1
409,14154,2006,GasA,Y,2,1,3,9,3
410,10800,2007,GasA,Y,2,1,3,8,3
411,9571,1958,GasA,Y,1,0,3,5,1
412,34650,1955,GasA,N,1,0,3,5,2
413,4403,2009,GasA,Y,2,1,2,7,2
414,8960,1927,GasA,Y,1,0,2,5,2
415,11228,1993,GasA,Y,2,1,3,9,3
416,8899,2007,GasA,Y,2,0,3,6,2
417,7844,1978,GasA,Y,1,1,3,6,2
418,22420,1918,GasW,N,2,1,4,10,3
419,8160,1940,GasA,N,1,1,3,7,1
420,8450,1968,GasA,Y,1,0,3,6,1
421,7060,1997,GasA,Y,2,0,2,8,4
422,16635,1977,GasA,Y,2,0,3,8,2
423,21750,1954,GasA,Y,1,0,2,4,2
424,9200,1998,GasA,Y,2,1,4,8,3
425,9000,1956,GasA,Y,1,0,2,6,1
426,3378,1946,GasA,Y,1,1,3,6,1
427,12800,1989,GasA,Y,2,0,2,5,2
428,8593,1957,GasA,Y,1,0,3,5,1
429,6762,2007,GasA,Y,2,0,2,6,2
430,11457,1988,GasA,Y,2,0,3,6,2
431,1680,1971,GasA,Y,1,1,2,4,1
432,5586,1920,GasA,Y,1,0,4,7,0
433,1920,1971,GasA,Y,1,1,2,6,2
434,10839,1997,GasA,Y,2,1,3,7,2
435,1890,1972,GasA,Y,1,0,1,3,0
436,10667,1996,GasA,Y,2,1,3,6,2
437,4400,1920,GasA,Y,1,0,2,6,2
438,6000,1926,GasA,Y,1,0,2,4,1
439,4280,1913,GasA,N,1,0,2,4,1
440,12354,1920,GasA,Y,1,0,3,7,2
441,15431,2008,GasA,Y,2,0,2,10,3
442,12108,1955,GasA,N,2,0,4,8,0
443,6240,1930,GasA,Y,2,0,3,8,2
444,3922,2006,GasA,Y,2,0,2,6,3
445,8750,1994,GasA,Y,2,1,4,8,2
446,9855,1956,GasA,Y,1,0,3,7,2
447,16492,1966,GasA,Y,2,1,2,6,2
448,11214,1998,GasA,Y,2,1,4,10,2
449,8600,1937,GasA,Y,2,0,3,7,1
450,6000,1948,GasA,Y,1,1,2,6,1
451,5684,1930,GasA,Y,1,0,2,5,1
452,70761,1975,GasA,Y,2,0,2,5,2
453,9303,1996,GasA,Y,2,1,3,7,2
454,9000,2008,GasA,Y,2,1,3,6,2
455,9297,1976,GasA,Y,2,0,4,8,2
456,9600,1973,GasA,Y,1,1,3,6,2
457,4571,1916,GasA,N,1,0,4,7,3
458,53227,1954,GasA,Y,1,0,2,6,2
459,5100,1925,GasA,Y,1,0,3,7,1
460,7015,1950,GasA,Y,1,0,3,5,1
461,8004,2009,GasA,Y,2,1,3,8,2
462,7200,1936,GasA,Y,1,0,3,6,2
463,8281,1965,GasA,Y,1,0,3,5,1
464,11988,1934,GasA,Y,1,1,3,6,1
465,8430,1978,GasA,Y,2,0,3,5,0
466,3072,2004,GasA,Y,2,0,2,6,2
467,10628,1970,GasA,Y,1,0,2,5,2
468,9480,1942,GasA,Y,1,1,3,7,1
469,11428,2006,GasA,Y,2,0,3,7,3
470,9291,1993,GasA,Y,2,1,3,7,2
471,6820,1985,GasA,Y,1,1,1,4,2
472,11952,1977,GasA,Y,2,1,3,8,2
473,3675,2005,GasA,Y,1,0,2,5,2
474,14977,2006,GasA,Y,2,0,2,7,3
475,5330,2000,GasA,Y,2,0,2,6,2
476,8480,1963,GasA,Y,1,0,2,5,2
477,13125,1997,GasA,Y,2,0,3,7,2
478,13693,2006,GasA,Y,2,1,3,9,3
479,10637,2007,GasA,Y,2,0,3,7,3
480,5925,1937,GasA,Y,1,0,2,7,2
481,16033,2004,GasA,Y,2,0,3,8,3
482,11846,2003,GasA,Y,2,0,2,6,3
483,2500,1915,GasA,Y,1,1,4,7,1
484,4500,1998,GasA,Y,2,0,2,5,2
485,7758,1962,GasA,Y,1,0,3,6,1
486,9600,1950,GasA,Y,1,0,3,5,1
487,10289,1965,GasA,Y,1,1,3,6,2
488,12243,1971,GasA,Y,2,0,3,7,2
489,10800,1900,GasA,N,2,0,3,10,2
490,1526,1970,GasA,Y,1,0,1,3,1
491,2665,1976,GasA,Y,1,1,3,4,1
492,9490,1941,GasA,Y,1,0,3,5,1
493,15578,2006,GasA,Y,2,1,3,8,2
494,7931,1960,GasA,Y,1,1,3,6,1
495,5784,1938,GasA,Y,1,0,2,4,1
496,7879,1920,GasA,N,1,0,2,4,0
497,12692,1992,GasA,Y,3,0,4,10,2
498,9120,1925,GasA,Y,2,0,4,8,1
499,7800,1967,GasA,Y,1,0,3,5,1
500,7535,1958,GasA,Y,1,0,2,5,1
501,1890,1973,GasA,Y,1,1,3,7,1
502,9803,2005,GasA,Y,2,1,3,7,2
503,9170,1965,GasA,Y,1,0,2,6,2
504,15602,1959,GasA,Y,2,0,1,6,2
505,2308,1974,GasA,Y,2,1,3,6,2
506,7596,1952,GasA,Y,2,0,4,10,2
507,9554,1993,GasA,Y,2,1,3,8,2
508,7862,2009,GasA,Y,2,0,2,4,2
509,9600,1928,GasA,Y,2,0,3,7,2
510,9600,1959,GasA,Y,1,0,3,6,1
511,14559,1951,GasA,Y,1,0,2,6,1
512,6792,2005,GasA,Y,2,0,2,6,2
513,9100,1958,GasA,Y,1,0,3,5,2
514,9187,1983,GasA,Y,1,1,3,5,2
515,10594,1926,Grav,N,1,0,2,5,1
516,12220,2009,GasA,Y,2,1,3,9,3
517,10448,1972,GasA,Y,2,1,3,7,2
518,10208,1996,GasA,Y,2,1,3,7,3
519,9531,1998,GasA,Y,2,1,3,7,2
520,10918,1926,GasA,Y,1,1,3,9,1
521,10800,1900,GasA,N,2,0,3,7,0
522,11988,1957,GasA,Y,1,1,3,6,1
523,5000,1947,GasA,Y,2,0,3,7,2
524,40094,2007,GasA,Y,3,1,3,11,3
525,11787,1996,GasA,Y,2,1,3,8,3
526,7500,2005,GasA,Y,2,0,3,6,2
527,13300,1956,GasA,Y,1,0,2,4,1
528,14948,2008,GasA,Y,2,1,3,11,3
529,9098,1920,GasA,Y,1,0,2,5,0
530,32668,1957,GasA,Y,3,0,4,9,2
531,10200,1988,GasA,Y,2,0,3,5,2
532,6155,1920,GasA,Y,2,0,3,6,2
533,7200,1955,GasA,Y,1,0,2,5,1
534,5000,1946,GasA,N,1,0,1,2,0
535,9056,2004,GasA,Y,2,1,3,6,2
536,7000,1910,GasA,Y,1,0,3,5,0
537,8924,1998,GasA,Y,2,1,3,8,2
538,12735,1972,GasA,Y,1,0,3,5,2
539,11553,1968,GasA,Y,1,1,3,7,1
540,11423,2001,GasA,Y,2,0,3,6,2
541,14601,2006,GasA,Y,2,0,2,8,3
542,11000,2000,GasA,Y,2,1,4,8,3
543,10140,1998,GasA,Y,2,0,3,7,2
544,4058,1998,GasA,Y,1,0,1,4,1
545,17104,2006,GasA,Y,2,1,3,7,2
546,13837,1988,GasA,Y,2,1,4,9,3
547,8737,1923,GasA,Y,1,1,3,6,2
548,7244,1970,GasA,Y,1,0,2,5,2
549,8235,1955,GasA,Y,1,0,2,4,2
550,9375,2003,GasA,Y,2,1,4,8,2
551,4043,1977,GasA,Y,2,0,2,4,2
552,6000,1957,GasA,Y,1,0,3,5,1
553,11146,2006,GasA,Y,2,0,3,7,3
554,8777,1949,GasA,Y,2,0,2,5,2
555,10625,2003,GasA,Y,2,1,3,8,3
556,6380,1922,GasA,Y,1,0,2,5,1
557,14850,1957,GasA,Y,1,0,2,6,1
558,11040,1920,GasA,Y,1,1,3,7,1
559,21872,1996,GasA,Y,2,1,3,6,2
560,3196,2003,GasA,Y,2,0,2,7,2
561,11341,1957,GasA,Y,1,1,3,5,2
562,10010,1974,GasA,Y,1,0,2,6,2
563,13907,1940,GasA,Y,1,0,3,6,0
564,21780,1918,GasA,Y,2,0,4,8,2
565,13346,1992,GasA,Y,2,1,4,9,2
566,6858,1915,GasA,N,1,1,4,6,1
567,11198,2005,GasA,Y,2,1,4,11,3
568,10171,2004,GasA,Y,2,0,3,7,2
569,12327,1983,GasA,Y,1,1,1,5,2
570,7032,1979,GasA,Y,1,0,2,4,2
571,13101,1965,GasA,Y,2,0,6,10,2
572,7332,1959,GasA,Y,1,0,2,4,1
573,13159,2009,GasA,Y,2,1,3,6,2
574,9967,2000,GasA,Y,2,1,3,8,2
575,10500,1971,GasA,Y,1,0,3,5,1
576,8480,1947,GasA,Y,1,0,2,6,1
577,6292,1928,GasA,Y,2,0,3,6,1
578,11777,1966,GasA,Y,1,0,3,6,2
579,3604,2007,GasA,Y,2,0,2,5,2
580,12150,1954,GasA,N,2,0,4,7,1
581,14585,1960,GasA,Y,1,0,3,7,2
582,12704,2008,GasA,Y,2,1,3,8,3
583,11841,1990,GasA,Y,1,0,3,5,0
584,13500,1893,GasA,Y,3,1,3,9,2
585,6120,1935,GasA,Y,1,0,3,6,1
586,11443,2005,GasA,Y,2,0,2,7,3
587,10267,1918,GasA,Y,1,0,2,5,1
588,8740,1982,GasA,Y,1,0,2,4,2
589,25095,1968,GasA,Y,1,0,1,5,1
590,9100,1930,GasA,Y,1,0,2,4,1
591,8320,2004,GasA,Y,2,1,3,6,2
592,13478,2008,GasA,Y,2,1,3,10,3
593,6600,1982,GasA,Y,1,0,2,4,2
594,4435,2003,GasA,Y,1,0,1,4,2
595,7990,1975,GasA,Y,1,0,3,5,1
596,11302,2005,GasA,Y,2,0,3,7,3
597,3600,1910,GasA,N,1,0,3,7,1
598,3922,2006,GasA,Y,0,2,2,7,3
599,12984,1977,GasA,Y,2,0,3,7,2
600,1950,1980,GasA,Y,2,1,3,6,2
601,10927,2005,GasA,Y,2,1,3,8,2
602,9000,1937,GasA,Y,1,1,3,6,1
603,10041,1992,GasA,Y,2,1,3,8,2
604,3182,2004,GasA,Y,2,1,2,4,2
605,12803,2002,GasA,Y,2,0,3,6,2
606,13600,1965,GasA,Y,2,1,3,7,2
607,12464,1996,GasA,Y,1,0,3,6,2
608,7800,1948,GasA,Y,3,0,3,8,1
609,12168,1934,GasA,Y,2,1,4,10,2
610,7943,1961,GasA,Y,1,0,3,5,1
611,11050,2000,GasA,Y,2,1,3,8,3
612,10395,1978,GasA,Y,2,0,3,6,2
613,11885,2001,GasA,Y,2,1,3,7,2
614,8402,2007,GasA,Y,1,0,3,6,0
615,1491,1972,GasA,Y,1,0,1,3,0
616,8800,1963,GasA,Y,1,0,3,6,2
617,7861,2002,GasA,Y,2,1,3,7,2
618,7227,1954,GasA,Y,1,0,2,4,2
619,11694,2007,GasA,Y,2,0,3,9,3
620,12244,2003,GasA,Y,2,1,4,10,3
621,8248,1914,GasA,N,1,0,2,5,0
622,10800,1974,GasA,Y,2,1,4,9,2
623,7064,1977,GasA,Y,1,0,3,6,2
624,2117,2000,GasA,Y,2,1,2,4,2
625,10400,1972,GasA,Y,1,2,4,8,2
626,10000,1962,GasA,Y,1,1,3,5,2
627,12342,1960,GasA,Y,1,0,3,6,1
628,9600,1955,GasA,Y,1,0,3,7,1
629,11606,1969,GasA,Y,1,2,5,9,2
630,9020,1964,GasA,Y,1,1,3,6,2
631,9000,1880,GasA,Y,1,0,3,8,1
632,4590,2006,GasA,Y,2,0,2,6,2
633,11900,1977,GasA,Y,2,0,3,6,2
634,9250,1954,GasA,Y,1,0,3,6,1
635,6979,1980,GasA,Y,0,0,0,4,2
636,10896,1914,GasA,Y,2,0,8,14,0
637,6120,1936,Grav,N,1,0,1,4,0
638,6000,1954,GasA,Y,2,0,3,7,1
639,8777,1910,GasA,Y,1,0,2,4,0
640,3982,2006,GasA,Y,2,0,1,7,3
641,12677,2003,GasA,Y,1,1,1,6,2
642,7050,2001,GasA,Y,2,1,3,7,2
643,13860,1972,GasA,Y,2,1,4,9,2
644,10793,1969,GasA,Y,2,1,4,7,2
645,9187,2009,GasA,Y,2,1,2,7,3
646,10530,1971,GasA,Y,1,1,3,5,2
647,7200,1950,GasA,Y,1,0,3,7,2
648,10452,1953,GasA,Y,1,0,3,5,2
649,7700,1966,GasA,Y,1,1,4,7,2
650,1936,1970,GasA,Y,1,0,1,3,0
651,8125,2007,GasA,Y,2,1,3,7,2
652,9084,1940,GasA,Y,1,0,4,7,1
653,8750,1996,GasA,Y,2,1,2,7,2
654,10320,1906,GasA,Y,1,0,3,7,1
655,10437,1995,GasA,Y,2,1,2,7,3
656,1680,1971,GasA,Y,1,1,3,6,1
657,10007,1959,GasA,Y,1,1,3,5,1
658,7200,1931,GasA,Y,1,1,3,6,1
659,17503,1948,GasA,Y,1,0,3,6,1
660,9937,1964,GasA,Y,1,0,3,7,2
661,12384,1976,GasA,Y,2,1,3,7,2
662,46589,1994,GasA,Y,2,1,4,8,3
663,13560,1968,GasA,Y,1,0,2,5,2
664,10012,1972,GasA,Y,2,0,3,6,2
665,20896,2005,GasA,Y,1,1,1,8,3
666,11194,2000,GasA,Y,2,1,3,7,2
667,18450,1965,GasA,Y,2,1,3,7,2
668,8125,1994,GasA,Y,2,0,3,7,2
669,14175,1956,GasA,Y,1,1,3,6,2
670,11600,1922,GasA,Y,1,0,2,5,1
671,8633,2005,GasA,Y,2,1,3,7,2
672,6629,1925,GasA,N,2,0,3,6,1
673,11250,1977,GasA,Y,1,1,3,6,2
674,14442,1957,GasA,Y,2,0,3,7,2
675,9200,1965,GasA,Y,1,0,3,5,1
676,2289,1978,GasA,Y,2,1,3,7,2
677,9600,1900,GasW,N,2,0,4,8,3
678,9022,1924,GasA,Y,1,0,2,5,1
679,11844,2008,GasA,Y,2,1,3,7,3
680,9945,1961,GasA,Y,1,0,3,5,2
681,8012,1980,GasA,Y,2,0,2,5,1
682,4500,1932,GasA,Y,1,0,3,6,1
683,2887,1996,GasA,Y,1,0,2,6,2
684,11248,2002,GasA,Y,2,0,3,7,3
685,16770,1998,GasA,Y,2,1,4,7,2
686,5062,1984,GasA,Y,2,0,3,6,2
687,10207,2007,GasA,Y,3,0,3,7,2
688,5105,2004,GasA,Y,2,1,2,4,2
689,8089,2007,GasA,Y,2,0,2,7,2
690,7577,2005,GasA,Y,2,0,2,6,2
691,4426,2004,GasA,Y,1,0,1,3,2
692,21535,1994,GasA,Y,3,1,4,10,3
693,26178,1989,GasA,Y,2,1,4,9,2
694,5400,1921,GasA,Y,1,0,2,4,1
695,6120,1936,GasA,Y,1,1,3,5,2
696,13811,1987,GasA,Y,2,0,2,5,2
697,6000,1921,GasA,Y,1,0,2,4,1
698,6420,1952,GasA,Y,1,0,2,6,1
699,8450,1965,GasA,Y,1,0,3,5,1
700,4282,2004,GasA,Y,2,0,2,5,2
701,14331,2002,GasA,Y,2,0,3,7,3
702,9600,1969,GasA,Y,1,1,3,6,2
703,12438,2006,GasA,Y,2,1,4,10,3
704,7630,1900,GasA,Y,2,0,4,8,2
705,8400,2004,GasA,Y,2,0,3,7,2
706,5600,1930,GasA,N,2,0,3,7,0
707,115149,1971,GasA,Y,2,0,2,5,2
708,6240,2006,GasA,Y,2,0,2,6,2
709,9018,2007,GasA,Y,2,1,3,8,2
710,7162,1966,GasA,Y,1,0,3,6,1
711,4130,1935,GasA,Y,1,0,2,5,0
712,8712,1900,GasA,Y,1,0,2,7,1
713,4671,1988,GasA,Y,2,0,2,5,2
714,9873,1970,GasW,N,1,0,3,6,2
715,13517,1976,GasA,Y,2,1,3,6,2
716,10140,1974,GasA,Y,2,0,3,7,2
717,10800,1890,GasA,Y,1,1,3,8,2
718,10000,1973,GasA,Y,1,1,3,5,2
719,10542,1993,GasA,Y,2,1,3,9,3
720,9920,1969,GasA,Y,1,1,3,5,1
721,6563,1985,GasA,Y,2,0,2,5,2
722,4426,2004,GasA,Y,1,0,1,3,2
723,8120,1970,GasA,Y,1,0,3,5,2
724,8172,1954,GasA,Y,2,0,4,7,1
725,13286,2007,GasA,Y,2,0,3,8,3
726,6960,1970,GasA,Y,1,0,3,5,2
727,21695,1988,GasA,Y,2,0,3,5,2
728,7314,2007,GasA,Y,2,0,2,6,2
729,11475,1958,GasA,Y,2,0,4,9,3
730,6240,1925,GasA,Y,1,0,2,5,2
731,5389,1995,GasA,Y,2,0,2,5,2
732,9590,2003,GasA,Y,2,0,3,6,2
733,11404,1998,GasA,Y,2,1,3,8,2
734,10000,1961,GasA,Y,1,0,3,6,1
735,8978,1968,GasA,Y,1,0,3,6,1
736,10800,1914,GasW,N,1,1,2,6,2
737,8544,1950,GasA,N,2,0,2,6,2
738,10463,2005,GasA,Y,2,1,3,8,3
739,10800,1987,GasA,Y,3,0,3,5,0
740,9313,2004,GasA,Y,2,1,3,7,2
741,9600,1910,GasA,Y,2,0,2,7,2
742,6768,1961,GasA,Y,1,0,3,5,1
743,8450,2000,GasA,Y,2,0,3,6,2
744,12886,1963,GasA,Y,2,0,3,6,2
745,5395,1993,GasA,Y,2,0,2,5,2
746,8963,1976,GasA,Y,3,1,4,11,2
747,8795,2000,GasA,Y,2,1,4,8,2
748,11700,1880,GasW,N,1,1,4,8,4
749,10593,1996,GasA,Y,2,0,3,7,2
750,8405,1945,Wall,N,2,0,4,9,1
751,8800,1910,GasA,Y,1,0,3,7,0
752,7750,2003,GasA,Y,2,1,3,6,2
753,9236,1997,GasA,Y,2,0,3,6,2
754,10240,2005,GasA,Y,2,1,3,8,3
755,7930,1969,GasA,Y,1,0,3,5,2
756,3230,1999,GasA,Y,2,1,3,6,2
757,10769,2007,GasA,Y,2,1,3,7,2
758,11616,1978,GasA,Y,2,1,3,6,2
759,2280,1999,GasA,Y,2,1,3,6,2
760,12257,1995,GasA,Y,2,1,4,9,3
761,9100,1959,GasA,Y,1,0,2,5,1
762,6911,1924,GasA,Y,1,0,2,5,2
763,8640,2009,GasA,Y,2,1,3,7,2
764,9430,1999,GasA,Y,2,1,3,8,3
765,9549,1995,GasA,Y,1,1,2,6,2
766,14587,2008,GasA,Y,2,0,2,6,2
767,10421,1988,GasA,Y,2,1,3,7,2
768,12508,1940,GasA,Y,2,0,4,7,1
769,9100,2004,GasA,Y,2,0,3,8,2
770,53504,2003,GasA,Y,3,1,4,12,3
771,7252,1982,GasA,Y,1,0,2,5,2
772,8877,1951,GasA,Y,1,0,2,6,2
773,7819,1976,GasA,Y,1,0,3,6,2
774,10150,1958,GasA,Y,1,0,2,5,1
775,14226,2006,GasA,Y,2,0,3,9,3
776,4500,1998,GasA,Y,2,0,2,5,2
777,11210,2005,GasA,Y,2,0,3,7,3
778,13350,1974,GasA,Y,1,0,3,5,2
779,8400,1977,GasA,Y,2,0,4,10,2
780,10530,1977,GasA,Y,1,0,2,4,2
781,7875,1995,GasA,Y,2,0,3,6,2
782,7153,1992,GasA,Y,2,1,3,7,2
783,16285,2001,GasA,Y,2,0,3,6,2
784,9101,1978,GasA,Y,1,0,1,4,2
785,6300,1914,GasA,Y,2,0,3,9,0
786,9790,1967,GasA,Y,2,0,3,7,2
787,10800,1915,GasA,Y,2,0,4,7,1
788,10142,2004,GasA,Y,2,1,4,8,2
789,6000,1954,GasA,Y,1,0,2,4,1
790,12205,1966,GasA,Y,2,1,5,9,2
791,3182,2005,GasA,Y,2,0,2,5,2
792,11333,1976,GasA,Y,1,0,3,5,2
793,9920,1996,GasA,Y,2,1,3,8,2
794,9158,2007,GasA,Y,2,0,3,7,2
795,10832,1994,GasA,Y,2,1,3,7,2
796,8400,1980,GasA,Y,2,1,3,7,2
797,8197,1977,GasA,Y,1,1,3,7,2
798,7677,1953,GasA,Y,1,0,2,4,1
799,13518,2008,GasA,Y,3,1,4,11,3
800,7200,1937,GasA,Y,1,1,3,7,1
801,12798,1997,GasA,Y,2,1,4,8,2
802,4800,1916,GasA,Y,1,0,2,5,2
803,8199,2005,GasA,Y,2,1,3,7,2
804,13891,2008,GasA,Y,3,1,4,12,3
805,9000,1954,GasA,Y,1,0,2,5,1
806,12274,2008,GasA,Y,2,0,3,6,2
807,9750,1967,GasA,Y,2,0,3,6,1
808,21384,1923,GasA,Y,1,1,3,6,2
809,13400,1966,GasA,Y,1,0,3,6,2
810,8100,1898,GasA,N,2,0,2,11,2
811,10140,1974,GasA,Y,1,1,3,5,2
812,4438,2004,GasA,Y,1,0,1,4,2
813,8712,1952,GasA,N,1,0,2,4,2
814,9750,1958,GasA,Y,1,1,4,7,1
815,8248,1918,GasW,Y,1,1,3,7,1
816,12137,1998,GasA,Y,2,0,3,6,2
817,11425,1954,GasA,Y,1,0,2,4,1
818,13265,2002,GasA,Y,2,0,3,7,3
819,8816,1971,GasA,Y,1,0,3,6,2
820,6371,2009,GasA,Y,2,0,2,6,2
821,7226,2003,GasA,Y,2,1,3,6,2
822,6000,1953,GasA,N,1,0,2,4,2
823,12394,2003,GasA,Y,2,1,3,7,2
824,9900,1940,GasA,Y,2,0,3,7,1
825,11216,2006,GasA,Y,2,0,3,7,2
826,14803,2007,GasA,Y,2,0,2,7,3
827,6130,1924,GasA,Y,1,0,2,5,0
828,8529,2001,GasA,Y,2,0,3,6,2
829,28698,1967,GasA,Y,2,1,3,7,2
830,2544,2005,GasA,Y,2,1,2,4,2
831,11900,1957,GasA,Y,1,1,3,6,2
832,3180,2005,GasA,Y,2,1,2,4,2
833,9548,2003,GasA,Y,2,1,3,7,2
834,10004,1964,GasA,Y,1,1,3,6,2
835,7875,1961,GasA,Y,1,0,3,6,2
836,9600,1950,GasA,Y,2,0,2,4,2
837,8100,1948,GasA,Y,1,0,2,5,2
838,1680,1973,GasA,Y,1,1,2,5,1
839,9525,1995,GasA,Y,1,1,3,6,1
840,11767,1946,GasA,Y,1,0,3,6,1
841,12155,1925,GasA,N,2,0,4,7,1
842,10440,1904,GasA,Y,2,0,3,8,2
843,9020,1966,GasA,Y,1,1,3,6,2
844,8000,1961,GasA,N,2,0,6,10,0
845,12665,1915,GasA,Y,1,1,4,7,3
846,16647,1975,GasA,Y,2,0,3,6,2
847,9317,1993,GasA,Y,2,1,3,7,2
848,15523,1972,GasA,Y,1,0,3,5,1
849,45600,1908,GasA,Y,3,0,5,10,2
850,9600,1976,GasA,Y,2,1,3,7,2
851,4435,2003,GasA,Y,1,0,1,3,2
852,3196,2003,GasA,Y,2,0,2,7,2
853,7128,1941,GasA,Y,2,0,4,7,1
854,12095,1964,GasA,Y,1,1,3,7,2
855,17920,1955,GasA,Y,1,1,3,6,2
856,6897,1962,GasA,Y,1,1,3,6,1
857,10970,1978,GasA,Y,1,0,3,5,2
858,8125,1994,GasA,Y,2,1,3,6,2
859,10400,1976,GasA,Y,2,0,3,6,2
860,11029,1968,GasA,Y,2,1,4,9,2
861,7642,1918,GasA,Y,1,1,3,7,1
862,11625,1965,GasA,Y,1,1,3,6,2
863,9672,1984,GasA,Y,2,0,3,6,2
864,7931,1959,GasA,Y,1,0,3,6,1
865,8640,2007,GasA,Y,2,0,3,6,2
866,8750,1970,GasA,Y,1,0,3,5,2
867,10656,2006,GasA,Y,2,0,3,6,3
868,6970,1961,GasA,Y,1,1,3,5,2
869,14762,1948,GasA,Y,2,0,2,7,2
870,9938,1993,GasA,Y,2,1,3,8,2
871,6600,1962,GasA,N,1,0,2,5,1
872,8750,1998,GasA,Y,2,1,3,7,2
873,8892,1953,GasA,Y,1,0,3,5,2
874,12144,1949,GasA,Y,1,0,3,6,1
875,5720,1941,GasA,Y,1,1,3,5,1
876,9000,2007,GasA,Y,2,1,4,11,2
877,25286,1963,GasA,Y,1,0,3,5,2
878,8834,2004,GasA,Y,2,1,4,10,3
879,11782,1961,GasA,Y,1,0,3,6,2
880,7000,1978,GasA,Y,1,0,3,6,1
881,7024,2005,GasA,Y,1,1,2,5,2
882,13758,1990,GasA,Y,2,1,3,7,2
883,9636,1992,GasA,Y,2,1,3,7,2
884,6204,1912,GasA,N,1,0,5,10,1
885,7150,1967,GasA,Y,1,0,3,5,1
886,5119,1999,GasA,Y,2,0,2,5,2
887,8393,1959,GasA,Y,2,0,4,8,2
888,16466,1955,GasA,Y,1,1,3,8,1
889,15865,1970,GasA,Y,2,0,4,8,2
890,12160,1953,GasA,Y,1,0,2,6,2
891,8064,1949,GasA,Y,1,0,3,6,2
892,11184,1978,GasA,Y,2,1,3,7,2
893,8414,1963,GasA,Y,1,0,3,6,1
894,13284,1954,GasA,Y,1,0,3,6,1
895,7018,1979,GasA,Y,2,0,4,8,2
896,7056,1963,GasA,Y,1,1,4,8,2
897,8765,1936,GasA,N,1,0,2,6,1
898,7018,1979,GasA,Y,2,0,6,12,2
899,12919,2009,GasA,Y,2,1,2,11,3
900,6993,1961,GasA,Y,1,0,3,6,1
901,7340,1971,GasA,Y,1,0,2,4,1
902,8712,1957,GasA,Y,1,0,2,5,1
903,7875,2003,GasA,Y,2,1,3,8,2
904,14859,2006,GasA,Y,2,0,3,7,3
905,6173,1967,GasA,Y,1,0,3,6,1
906,9920,1954,GasA,Y,1,0,3,6,1
907,13501,2006,GasA,Y,2,0,3,8,3
908,11500,1936,GasA,Y,1,1,3,6,1
909,8885,1983,GasA,Y,1,0,2,5,2
910,12589,2005,GasA,Y,2,1,3,8,2
911,11600,1960,GasA,Y,2,0,5,12,2
912,9286,1977,GasA,Y,1,1,3,5,1
913,6120,1925,GasA,N,1,0,3,6,1
914,6270,1949,GasA,N,2,0,4,8,3
915,3000,2009,GasA,Y,2,1,2,4,2
916,2001,1970,GasA,Y,1,1,3,6,1
917,9000,1949,GasA,N,0,0,1,4,1
918,17140,1956,GasA,Y,1,0,3,6,1
919,13125,1991,GasA,Y,2,1,4,8,3
920,11029,1958,GasA,Y,1,0,3,6,2
921,8462,1994,GasA,Y,2,1,3,7,2
922,8777,1900,GasA,Y,2,2,4,9,0
923,10237,2005,GasA,Y,2,0,3,6,2
924,8012,1993,GasA,Y,2,0,2,5,2
925,10240,1980,GasA,Y,2,0,3,7,2
926,15611,1977,GasA,Y,2,0,3,6,2
927,11999,2003,GasA,Y,2,1,4,10,3
928,9900,1968,GasA,Y,2,1,4,9,2
929,11838,2001,GasA,Y,2,0,3,7,2
930,13006,1997,GasA,Y,2,1,4,8,2
931,8925,2007,GasA,Y,2,0,3,7,3
932,9100,1965,GasA,Y,1,0,2,5,1
933,11670,2006,GasA,Y,2,0,3,8,3
934,8487,2004,GasA,Y,2,0,3,6,2
935,27650,1960,GasA,Y,2,0,4,9,2
936,5825,1926,GasA,Y,1,0,1,5,2
937,10083,2003,GasA,Y,2,0,2,5,2
938,9675,2005,GasA,Y,2,1,3,8,2
939,8760,2006,GasA,Y,2,1,3,7,3
940,24090,1940,GasA,Y,2,0,4,10,1
941,12640,1976,GasA,Y,2,0,4,8,2
942,8755,1999,GasA,Y,2,1,3,8,2
943,7711,1977,GasA,Y,2,0,4,8,0
944,25000,1967,GasA,Y,2,0,4,8,2
945,14375,1958,GasA,Y,1,0,3,7,2
946,8820,1890,GasA,Y,1,0,2,7,2
947,8163,1959,GasA,Y,1,0,3,6,1
948,14536,2002,GasA,Y,2,0,3,9,3
949,14006,2002,GasA,Y,2,1,3,7,2
950,9360,1972,GasA,Y,1,1,3,5,2
951,7200,1950,GasA,Y,1,0,3,5,2
952,7800,1965,GasA,Y,1,0,3,6,1
953,7200,1972,GasA,Y,1,0,2,5,1
954,11075,1969,GasA,Y,2,1,4,7,2
955,9400,1975,GasA,Y,2,0,4,4,0
956,7136,1946,GasA,N,2,0,4,8,2
957,1300,1980,GasA,Y,1,1,2,5,2
958,7420,1962,GasA,Y,1,0,3,6,2
959,8450,2003,GasA,Y,2,0,3,6,2
960,2572,1999,GasA,Y,2,1,3,6,2
961,7207,1958,GasA,Y,1,0,2,4,0
962,12227,1977,GasA,Y,2,1,4,11,2
963,2308,1976,GasA,Y,2,1,3,7,2
964,11923,2007,GasA,Y,2,0,2,7,2
965,11316,2002,GasA,Y,2,1,4,8,2
966,10237,2005,GasA,Y,2,1,3,8,2
967,9600,1940,GasA,Y,1,1,2,7,1
968,7390,1955,GasA,Y,1,0,3,6,1
969,5925,1910,Grav,N,1,0,2,6,0
970,10382,1958,GasA,Y,1,0,2,6,1
971,10800,1949,GasA,N,1,1,4,6,0
972,2268,2003,GasA,Y,2,0,2,6,2
973,7892,1979,GasA,Y,2,0,2,5,1
974,11639,2007,GasA,Y,2,0,3,6,2
975,11414,1910,GasA,N,1,0,3,8,2
976,2651,2000,GasA,Y,2,1,3,6,2
977,5900,1923,GasA,Y,1,0,2,4,0
978,4274,2006,GasA,Y,1,1,1,4,2
979,9450,1954,GasA,Y,1,0,3,5,2
980,8816,1963,GasA,Y,1,0,3,5,2
981,12122,1961,GasA,Y,1,0,3,6,2
982,12203,1998,GasA,Y,2,1,4,8,3
983,3182,2007,GasA,Y,2,0,2,6,2
984,11250,2002,GasA,Y,2,1,4,9,2
985,10125,1977,GasA,Y,2,0,4,8,2
986,10880,1950,GasW,N,1,0,3,5,1
987,5310,1910,GasA,Y,1,0,2,5,1
988,10159,2009,GasA,Y,2,1,3,8,3
989,12046,1976,GasA,Y,2,1,4,8,2
990,8125,2006,GasA,Y,2,1,3,6,2
991,9452,1997,GasA,Y,2,1,3,7,3
992,17671,1882,GasA,Y,1,1,4,8,2
993,9760,1964,GasA,Y,2,1,3,7,2
994,8846,2005,GasA,Y,2,1,3,6,2
995,12456,2006,GasA,Y,2,0,3,7,3
996,4712,1946,GasA,Y,1,1,3,5,1
997,10659,1961,GasA,Y,1,0,3,6,1
998,11717,1970,GasA,Y,2,0,2,6,2
999,9786,1922,GasA,N,1,0,3,6,1
1000,6762,2006,GasA,Y,2,0,2,6,2
1001,10206,1952,GasW,N,1,0,2,4,2
1002,5400,1920,GasA,Y,1,0,2,4,1
1003,11957,2006,GasA,Y,2,0,3,7,3
1004,11500,1976,GasA,Y,2,0,4,8,2
1005,3182,2005,GasA,Y,2,0,1,7,2
1006,8385,1977,GasA,Y,2,0,3,6,1
1007,12155,1970,GasA,Y,2,0,3,7,2
1008,2217,1970,GasA,Y,1,1,3,6,1
1009,12118,2004,GasA,Y,2,0,3,7,2
1010,6000,1926,GasA,Y,2,0,4,7,0
1011,21286,1948,GasA,Y,2,0,4,7,1
1012,9825,1965,GasA,N,2,0,4,8,0
1013,10592,1923,GasA,Y,1,1,3,7,1
1014,7200,1910,GasW,N,1,0,2,4,1
1015,11664,1948,GasA,Y,1,0,2,5,1
1016,8400,2001,GasA,Y,2,1,3,6,2
1017,11883,1996,GasA,Y,2,0,3,6,2
1018,5814,1984,GasA,Y,1,0,1,4,2
1019,10784,1991,GasA,Y,2,1,3,7,2
1020,3013,2005,GasA,Y,2,0,2,6,2
1021,7024,2005,GasA,Y,1,1,2,5,2
1022,7406,2006,GasA,Y,2,0,2,6,2
1023,9439,1930,GasA,Y,1,0,2,6,1
1024,3182,2005,GasA,Y,2,0,2,7,2
1025,15498,1976,GasA,Y,2,0,2,10,2
1026,7700,1972,GasA,Y,1,0,3,5,2
1027,9300,1960,GasA,Y,1,0,3,6,2
1028,9520,2007,GasA,Y,2,0,3,7,3
1029,9492,1941,GasA,Y,1,0,3,6,1
1030,1680,1972,GasA,Y,1,1,3,7,1
1031,7082,1916,GasA,Y,2,0,5,10,0
1032,15863,1920,GasA,Y,2,1,5,12,2
1033,14541,1993,GasA,Y,2,1,5,10,3
1034,8125,2002,GasA,Y,2,0,3,6,3
1035,6305,1938,GasA,Y,1,0,2,5,1
1036,11500,1957,GasA,N,1,0,3,5,1
1037,12898,2007,GasA,Y,2,0,2,6,3
1038,9240,2001,GasA,Y,2,1,3,7,2
1039,1533,1970,GasA,Y,1,1,3,6,0
1040,1477,1970,GasA,Y,1,0,1,3,1
1041,13125,1957,GasA,Y,2,0,3,8,2
1042,9130,1966,GasA,Y,1,1,4,7,2
1043,5381,2005,GasA,Y,2,0,1,5,2
1044,11839,1990,GasA,Y,2,1,4,10,2
1045,9600,1981,GasA,Y,2,1,4,9,2
1046,13680,1955,GasA,Y,2,0,4,8,2
1047,16056,2005,GasA,Y,3,1,4,11,3
1048,9245,1994,GasA,Y,1,0,3,5,2
1049,21750,1960,GasA,Y,1,0,3,9,2
1050,11100,1946,GasA,Y,1,0,2,6,1
1051,8993,2007,GasA,Y,2,0,3,6,2
1052,11175,2007,GasA,Y,2,0,3,6,2
1053,9500,1964,GasA,Y,1,1,4,9,2
1054,8562,1957,GasA,Y,1,0,4,7,1
1055,11367,2002,GasA,Y,2,1,3,7,2
1056,11361,1976,GasA,Y,2,0,3,7,2
1057,7052,2005,GasA,Y,2,0,2,6,2
1058,29959,1994,GasA,Y,2,1,3,7,2
1059,11308,2008,GasA,Y,2,1,3,10,3
1060,11275,1932,GasA,Y,1,1,3,7,2
1061,4920,2001,GasA,Y,2,0,2,6,2
1062,18000,1935,GasA,Y,1,0,2,6,3
1063,13600,1900,GasA,N,2,0,5,10,2
1064,6000,1925,GasA,Y,1,0,2,5,2
1065,11000,1966,GasA,Y,1,1,3,6,2
1066,14000,1996,GasA,Y,2,1,3,7,2
1067,7837,1993,GasA,Y,2,1,3,7,2
1068,9760,1964,GasA,Y,1,1,4,7,2
1069,3964,1973,GasA,Y,2,1,5,10,2
1070,9600,1949,GasA,Y,1,0,2,4,2
1071,10152,1956,GasA,Y,1,0,3,6,1
1072,11700,1968,GasA,Y,1,1,4,8,2
1073,7585,1948,GasA,Y,1,0,4,7,1
1074,7950,1977,GasA,Y,1,1,3,6,2
1075,8556,2006,GasA,Y,2,0,2,5,3
1076,13125,1940,GasA,Y,1,1,3,6,1
1077,10800,1936,GasA,Y,2,0,3,7,2
1078,15870,1969,GasA,Y,1,0,3,6,1
1079,4435,2004,GasA,Y,1,0,1,3,2
1080,8775,1994,GasA,Y,1,0,3,5,1
1081,11040,1971,GasA,Y,2,0,3,5,2
1082,7500,1963,GasA,Y,1,1,3,5,1
1083,8749,2002,GasA,Y,2,0,3,6,2
1084,8800,1964,GasA,Y,1,0,3,6,1
1085,13031,1995,GasA,Y,2,1,3,6,2
1086,9069,1992,GasA,Y,1,0,2,5,2
1087,1974,1973,GasA,Y,1,1,3,6,1
1088,10574,2005,GasA,Y,2,1,3,9,3
1089,2522,2004,GasA,Y,2,0,3,7,2
1090,3316,2005,GasA,Y,1,1,1,4,2
1091,8544,1950,Wall,N,2,0,2,6,2
1092,2160,1999,GasA,Y,2,1,2,4,2
1093,8400,1925,GasA,Y,2,0,4,7,2
1094,9230,1965,GasA,Y,1,1,1,6,2
1095,5868,1956,GasA,Y,1,0,2,4,1
1096,9317,2006,GasA,Y,2,0,3,6,2
1097,6882,1914,GasA,Y,1,1,3,7,0
1098,3696,1986,GasA,Y,1,1,2,5,2
1099,6000,1936,GasA,Y,1,0,3,6,1
1100,11880,1978,GasA,Y,2,0,3,7,2
1101,8400,1920,GasA,N,1,0,1,3,1
1102,9758,1971,GasA,Y,1,0,3,5,1
1103,7000,1960,GasA,Y,1,0,2,6,1
1104,8910,1959,GasA,Y,1,0,3,6,2
1105,2016,1970,GasA,Y,2,1,3,6,2
1106,12256,1994,GasA,Y,2,1,3,9,2
1107,10357,1990,GasA,Y,2,0,3,6,2
1108,23257,2006,GasA,Y,2,1,3,9,2
1109,8063,2000,GasA,Y,2,1,3,7,2
1110,11362,2004,GasA,Y,2,0,3,7,3
1111,8000,1995,GasA,Y,2,1,3,8,2
1112,10480,1976,GasA,Y,2,1,4,8,2
1113,7100,1957,GasA,Y,1,0,2,5,1
1114,8923,1953,GasA,Y,1,0,2,6,1
1115,5400,1954,GasA,Y,1,0,2,4,1
1116,12085,2007,GasA,Y,2,0,3,7,3
1117,7750,2002,GasA,Y,2,1,3,7,2
1118,9764,1967,GasA,Y,1,0,3,5,2
1119,13825,1958,GasA,Y,1,0,3,6,1
1120,7560,1959,GasA,Y,1,0,3,6,1
1121,8263,1920,GasA,Y,1,0,2,6,1
1122,10084,2005,GasA,Y,2,0,3,7,3
1123,8926,1956,GasA,Y,1,0,3,5,1
1124,9405,1947,GasA,Y,1,0,2,4,0
1125,9125,1992,GasA,Y,2,1,3,7,2
1126,10434,1955,GasA,Y,1,0,2,5,2
1127,3684,2007,GasA,Y,2,0,2,7,3
1128,14572,2004,GasA,Y,2,0,3,7,3
1129,11796,2004,GasA,Y,2,1,4,8,2
1130,7200,1980,GasA,Y,1,0,2,4,2
1131,7804,1928,GasA,Y,2,0,4,7,2
1132,10712,1991,GasA,Y,1,0,3,5,0
1133,9900,1880,GasW,Y,2,0,5,8,1
1134,9828,1995,GasA,Y,2,1,3,8,2
1135,8773,1997,GasA,Y,2,1,3,7,2
1136,6180,1926,GasA,N,1,0,2,5,1
1137,9600,1950,GasA,Y,1,0,3,6,1
1138,6342,1875,GasA,N,1,0,2,6,0
1139,9819,1977,GasA,Y,2,0,2,5,2
1140,8731,1920,GasA,Y,1,0,3,6,2
1141,7350,1951,GasA,Y,1,0,2,4,2
1142,10304,1976,GasA,Y,2,1,4,9,2
1143,9965,2006,GasA,Y,3,0,4,11,3
1144,9000,1959,GasA,Y,1,0,3,5,0
1145,12180,1941,Grav,N,1,0,2,5,1
1146,6240,1928,GasA,Y,1,0,3,8,1
1147,11200,1985,GasA,Y,2,0,3,5,2
1148,12000,1941,GasA,Y,1,1,3,7,1
1149,5700,1926,GasA,Y,1,0,2,5,1
1150,9000,1920,GasA,Y,1,0,3,7,2
1151,8280,1950,GasA,Y,1,0,2,4,1
1152,17755,1959,GasA,Y,1,1,3,6,2
1153,14115,1956,GasA,Y,1,0,2,6,2
1154,5890,1930,GasA,Y,1,0,2,5,1
1155,13700,1965,GasA,Y,1,2,4,8,2
1156,10768,1976,GasA,Y,2,0,3,6,2
1157,9350,1965,GasA,Y,2,0,3,6,2
1158,5001,2007,GasA,Y,2,0,2,6,2
1159,11932,2007,GasA,Y,2,0,3,7,3
1160,9120,1974,GasA,Y,2,1,4,8,2
1161,2280,1978,GasA,Y,2,1,3,7,2
1162,14778,1954,GasA,Y,1,0,3,7,2
1163,8724,1968,GasA,Y,1,0,3,5,2
1164,12900,1969,GasA,Y,0,2,0,6,2
1165,16157,1978,GasA,Y,1,1,2,5,2
1166,9541,2009,GasA,Y,2,0,3,7,2
1167,10475,2008,GasA,Y,2,0,3,7,3
1168,10852,2000,GasA,Y,2,1,3,7,2
1169,13728,1935,GasA,Y,2,0,4,7,2
1170,35760,1995,GasA,Y,3,1,4,10,3
1171,9880,1977,GasA,Y,1,0,3,6,1
1172,9120,1958,GasA,Y,1,0,3,6,2
1173,4017,2006,GasA,Y,2,1,2,5,2
1174,18030,1946,GasA,Y,3,0,3,12,0
1175,16560,1932,GasA,Y,2,1,4,9,2
1176,10678,1992,GasA,Y,2,1,4,9,2
1177,6951,1984,GasA,Y,1,0,3,5,1
1178,3950,1926,GasA,Y,1,0,3,5,1
1179,7681,1921,GasA,Y,1,1,3,7,1
1180,8335,1954,GasA,Y,1,0,3,5,0
1181,11170,1990,GasA,Y,2,1,4,8,2
1182,5587,2008,GasA,Y,2,0,2,5,2
1183,15623,1996,GasA,Y,3,1,4,10,3
1184,10800,1920,GasA,Y,1,0,2,5,2
1185,35133,1963,GasA,Y,1,1,3,5,3
1186,9738,1924,GasA,Y,1,0,4,7,1
1187,10615,1900,GasA,Y,2,0,3,7,2
1188,12461,1994,GasA,Y,2,0,2,5,3
1189,8935,2002,GasA,Y,2,1,3,7,2
1190,7500,1999,GasA,Y,2,1,3,7,2
1191,32463,1961,GasA,Y,1,0,3,7,4
1192,2645,1999,GasA,Y,2,1,2,5,2
1193,9600,1925,GasA,Y,1,0,3,6,1
1194,4500,1999,GasA,Y,2,0,2,5,2
1195,9364,1969,GasA,Y,1,1,4,7,1
1196,8029,2005,GasA,Y,2,1,3,8,2
1197,14054,2006,GasA,Y,2,1,4,9,3
1198,8850,1916,GasA,Y,1,0,3,7,1
1199,9100,2001,GasA,Y,2,0,3,6,2
1200,11235,1963,GasA,Y,1,1,3,6,2
1201,9353,1970,GasA,Y,1,0,3,5,1
1202,10400,1998,GasA,Y,2,1,3,6,2
1203,6000,1925,GasA,Y,1,0,3,5,1
1204,9750,2000,GasA,Y,2,0,3,6,2
1205,10140,1975,GasA,Y,1,1,3,6,2
1206,14684,1990,GasA,Y,2,0,3,7,3
1207,8900,1966,GasA,Y,1,0,2,5,1
1208,9135,2003,GasA,Y,2,0,3,7,2
1209,7763,1962,GasA,Y,1,0,3,6,2
1210,10182,2006,GasA,Y,2,0,3,8,2
1211,11218,1992,GasA,Y,2,1,3,8,2
1212,12134,1988,GasA,Y,2,0,4,8,2
1213,9340,1941,GasA,Y,1,0,2,4,1
1214,10246,1965,GasA,Y,0,0,0,3,1
1215,10205,1962,GasA,Y,1,0,3,6,1
1216,7094,1966,GasA,Y,1,0,3,5,1
1217,8930,1978,GasA,Y,2,0,4,8,2
1218,8640,2009,GasA,Y,2,0,3,6,2
1219,6240,1947,GasA,N,1,0,2,3,0
1220,1680,1971,GasA,Y,1,1,3,7,0
1221,7800,1964,GasA,Y,1,0,2,5,1
1222,8250,1968,GasA,Y,1,0,3,5,1
1223,10496,1949,GasA,Y,2,0,3,7,1
1224,10680,1951,GasA,N,2,0,4,7,2
1225,15384,2004,GasA,Y,2,1,3,8,2
1226,10482,1958,GasA,Y,1,0,3,6,1
1227,14598,2007,GasA,Y,2,1,4,9,3
1228,8872,1965,GasA,Y,1,0,2,5,2
1229,8769,2008,GasA,Y,1,1,1,7,3
1230,7910,1960,GasA,Y,2,0,4,7,1
1231,18890,1977,GasA,Y,2,2,4,12,2
1232,7728,1962,GasA,Y,1,0,3,6,2
1233,9842,1962,GasA,Y,2,0,2,6,2
1234,12160,1959,GasA,Y,1,0,3,6,2
1235,8525,1911,GasA,N,1,1,4,7,0
1236,13132,1914,GasA,Y,1,1,4,9,1
1237,2628,2003,GasA,Y,2,1,2,6,2
1238,12393,2004,GasA,Y,2,1,4,8,2
1239,13072,2005,GasA,Y,1,1,3,6,2
1240,9037,2006,GasA,Y,2,0,2,6,2
1241,8158,2003,GasA,Y,2,1,3,8,2
1242,9849,2007,GasA,Y,2,0,3,7,3
1243,10625,1974,GasA,Y,2,0,3,6,2
1244,13891,2006,GasA,Y,2,1,2,7,3
1245,11435,1929,GasA,Y,1,0,3,7,2
1246,12090,1984,GasA,Y,3,1,3,7,2
1247,8125,2005,GasA,Y,2,1,3,6,2
1248,12328,1976,GasA,Y,1,0,3,6,3
1249,9600,1917,OthW,N,1,1,3,8,2
1250,7200,1950,GasA,Y,1,0,3,6,1
1251,11160,1968,GasA,Y,2,1,3,8,2
1252,3136,2003,GasA,Y,2,0,2,6,2
1253,9858,1968,GasA,Y,1,0,3,5,1
1254,17542,1974,GasA,Y,2,1,3,9,2
1255,6931,2003,GasA,Y,2,1,3,7,2
1256,6240,1931,GasA,Y,1,0,3,6,1
1257,14303,1994,GasA,Y,2,0,2,7,2
1258,4060,1922,GasA,Y,1,0,2,4,0
1259,9587,2005,GasA,Y,2,0,2,5,2
1260,9750,1969,GasA,Y,1,1,3,6,2
1261,24682,1999,GasA,Y,2,1,3,7,2
1262,9600,1956,GasA,Y,1,0,2,5,1
1263,11250,1957,GasA,Y,1,0,5,8,1
1264,13515,1919,GasA,Y,1,0,3,8,2
1265,4060,1998,GasA,Y,2,0,2,5,2
1266,3735,1999,GasA,Y,2,1,3,6,2
1267,10120,1910,GasA,N,1,1,4,9,1
1268,13214,2008,GasA,Y,2,0,3,10,3
1269,14100,1935,GasA,Y,3,1,4,11,3
1270,11344,1958,GasW,Y,1,1,3,7,1
1271,23595,1979,GasA,Y,0,1,0,4,2
1272,9156,1968,GasA,Y,2,0,3,7,2
1273,13526,1965,GasA,Y,1,0,3,5,1
1274,11512,1959,GasA,Y,1,0,2,5,1
1275,5362,1910,GasA,Y,2,0,3,8,2
1276,11345,1948,GasA,Y,2,0,4,10,2
1277,12936,1972,GasA,Y,1,1,3,6,2
1278,17871,1967,GasA,Y,1,1,3,7,2
1279,9473,2002,GasA,Y,2,1,3,7,2
1280,7500,1920,GasA,Y,1,0,2,6,2
1281,9808,2002,GasA,Y,2,0,3,6,2
1282,8049,1990,GasA,Y,2,0,2,6,2
1283,8800,1977,GasA,Y,2,0,3,5,2
1284,9400,1971,GasA,Y,2,2,4,8,0
1285,9638,1919,GasA,Y,2,0,4,10,1
1286,6000,1939,GasA,Y,1,0,4,6,1
1287,9790,1963,GasA,Y,1,1,3,6,2
1288,36500,1964,GasA,Y,2,0,4,7,2
1289,5664,2000,GasA,Y,2,0,2,5,2
1290,11065,2006,GasA,Y,2,1,3,8,3
1291,14112,1964,GasA,Y,1,0,3,6,2
1292,1680,1972,GasA,Y,2,1,3,6,1
1293,6600,1892,GasA,N,2,0,4,11,1
1294,10140,1976,GasA,Y,2,1,4,8,2
1295,8172,1955,GasA,Y,1,0,2,5,2
1296,8400,1968,GasA,Y,1,1,3,5,1
1297,8700,1963,GasA,Y,2,0,3,6,2
1298,3675,2005,GasA,Y,2,0,2,5,2
1299,63887,2008,GasA,Y,2,1,3,12,2
1300,7500,1959,GasA,Y,1,1,3,6,1
1301,10762,1999,GasA,Y,2,1,3,9,2
1302,7500,1942,GasA,Y,1,0,3,7,1
1303,10120,1994,GasA,Y,2,1,4,8,3
1304,8688,2005,GasA,Y,2,0,3,7,3
1305,3363,2004,GasA,Y,2,0,3,7,2
1306,13173,2006,GasA,Y,2,0,2,6,2
1307,6955,2005,GasA,Y,2,0,2,6,2
1308,8072,1994,GasA,Y,1,0,3,5,2
1309,12000,1948,GasA,Y,1,0,2,6,2
1310,7153,1991,GasA,Y,2,0,3,6,2
1311,17500,1959,GasA,Y,2,0,3,7,2
1312,8814,2005,GasA,Y,2,0,3,6,2
1313,9572,1990,GasA,Y,2,1,4,9,2
1314,14774,1999,GasA,Y,2,1,4,10,3
1315,8190,1954,GasA,Y,1,0,3,5,1
1316,11075,1969,GasA,Y,2,1,4,9,2
1317,10226,2008,GasA,Y,2,0,3,8,3
1318,4230,2006,GasA,Y,2,0,2,5,2
1319,14781,2001,GasA,Y,2,0,3,7,3
1320,10215,1954,GasA,Y,1,0,3,5,1
1321,8400,1957,GasA,Y,1,1,3,6,2
1322,6627,1949,Floor,N,1,0,2,4,1
1323,10186,1992,GasA,Y,2,1,3,8,2
1324,5330,1940,GasA,Y,1,0,2,5,0
1325,9986,2006,GasA,Y,2,0,2,7,3
1326,3636,1922,GasA,N,1,0,2,5,0
1327,4270,1931,GasA,Y,1,0,3,6,0
1328,6600,1982,GasA,Y,1,0,3,5,1
1329,10440,1920,GasW,Y,2,0,5,8,2
1330,9084,1998,GasA,Y,2,1,3,8,2
1331,10000,2006,GasA,Y,2,0,3,7,3
1332,10780,1976,GasA,Y,1,0,3,6,2
1333,8877,1938,GasA,Y,1,0,2,3,1
1334,7200,1938,GasA,Y,1,1,2,6,1
1335,2368,1970,GasA,Y,1,1,3,7,2
1336,9650,1977,GasA,Y,2,0,2,6,2
1337,9246,1973,GasA,Y,2,0,4,8,2
1338,4118,1941,Grav,N,1,0,2,4,0
1339,13450,2002,GasA,Y,2,1,3,8,2
1340,9560,1972,GasA,Y,1,0,3,5,1
1341,8294,1971,GasA,Y,1,0,3,5,4
1342,13695,2003,GasA,Y,1,0,3,6,2
1343,9375,2002,GasA,Y,2,1,3,7,2
1344,7558,1928,GasA,Y,1,1,3,9,2
1345,11103,2006,GasA,Y,2,1,3,8,2
1346,6000,1920,GasA,Y,1,0,2,5,1
1347,20781,1968,GasA,Y,2,0,3,9,2
1348,15306,2006,GasA,Y,2,0,3,7,3
1349,16196,1998,GasA,Y,2,0,3,5,2
1350,5250,1872,OthW,N,2,0,4,8,0
1351,11643,1969,GasA,Y,2,2,6,12,4
1352,9247,1962,GasA,Y,1,1,4,8,2
1353,6000,1937,GasA,Y,1,0,2,4,2
1354,14720,1995,GasA,Y,2,1,4,9,3
1355,10316,2000,GasA,Y,2,1,3,7,3
1356,10192,1968,GasA,Y,3,0,4,8,2
1357,9477,1966,GasA,Y,1,0,3,5,1
1358,12537,1971,GasA,Y,1,1,3,6,2
1359,2117,2000,GasA,Y,2,1,3,5,2
1360,16737,2004,GasA,Y,2,0,3,8,3
1361,9842,1921,GasA,Y,3,1,4,8,2
1362,16158,2005,GasA,Y,2,0,3,7,2
1363,12513,1920,GasA,Y,2,0,4,7,1
1364,8499,2006,GasA,Y,2,1,3,6,2
1365,3180,2005,GasA,Y,2,1,2,4,2
1366,7500,2000,GasA,Y,2,1,3,7,2
1367,9179,1999,GasA,Y,2,1,3,7,2
1368,2665,1977,GasA,Y,2,0,4,6,1
1369,4435,2003,GasA,Y,1,0,1,4,2
1370,10635,2003,GasA,Y,2,0,3,8,2
1371,5400,1920,GasA,Y,1,0,2,6,1
1372,9600,1955,GasA,Y,1,0,3,8,1
1373,9750,1998,GasA,Y,2,1,3,8,2
1374,11400,2001,GasA,Y,2,1,2,8,3
1375,10625,2005,GasA,Y,2,1,3,9,3
1376,10991,2007,GasA,Y,2,0,3,7,3
1377,6292,1930,GasA,N,1,0,2,4,1
1378,10998,1941,GasA,Y,2,0,3,6,2
1379,1953,1973,GasA,Y,1,1,2,5,1
1380,9735,2006,GasA,Y,2,1,3,7,2
1381,8212,1914,GasA,N,1,0,2,5,1
1382,12925,1970,GasA,Y,2,1,4,7,2
1383,7200,1920,GasA,Y,1,1,4,8,2
1384,25339,1918,GasA,Y,2,0,3,7,2
1385,9060,1939,GasA,Y,1,0,2,6,1
1386,5436,1922,GasA,Y,1,0,3,7,1
1387,16692,1978,GasA,Y,3,1,5,12,2
1388,8520,1916,GasW,N,2,0,5,10,1
1389,14892,2006,GasA,Y,2,0,3,7,3
1390,6000,1941,GasA,Y,1,0,3,6,2
1391,9100,2000,GasA,Y,2,0,3,6,2
1392,8944,1967,GasA,Y,2,0,4,8,3
1393,7838,1967,GasA,Y,1,0,3,6,1
1394,10800,1905,GasA,N,2,0,3,7,2
1395,4045,2006,GasA,Y,2,0,2,6,3
1396,12665,2005,GasA,Y,2,1,4,9,3
1397,57200,1948,GasA,Y,1,0,3,7,2
1398,6120,1920,GasA,Y,1,1,4,8,1
1399,7200,1950,GasA,Y,1,1,3,7,1
1400,6171,1925,GasA,Y,2,1,3,7,1
1401,6000,1929,GasA,Y,1,0,3,5,1
1402,7415,2004,GasA,Y,2,1,3,8,2
1403,6762,2006,GasA,Y,2,0,2,6,2
1404,15256,2007,GasA,Y,2,0,3,6,3
1405,10410,1915,GasA,Y,1,0,3,6,3
1406,3842,2004,GasA,Y,2,0,2,5,2
1407,8445,1972,GasA,Y,1,0,2,5,2
1408,8780,1985,GasA,Y,1,0,3,5,0
1409,7740,1910,GasA,Y,1,0,3,6,2
1410,20544,1986,GasA,Y,2,1,3,7,2
1411,12420,2001,GasA,Y,2,1,3,6,2
1412,9600,1950,GasA,Y,1,1,3,6,1
1413,7200,1949,Wall,N,2,0,2,6,2
1414,10994,2005,GasA,Y,2,0,2,7,2
1415,13053,1923,GasA,Y,1,1,4,8,2
1416,3635,2007,GasA,Y,2,0,1,7,3
1417,11340,1885,GasA,Y,2,0,4,11,2
1418,16545,1998,GasA,Y,2,1,3,7,3
1419,9204,1963,GasA,Y,1,1,3,6,1
1420,16381,1969,GasA,Y,2,0,3,7,2
1421,11700,1968,GasA,Y,2,1,3,7,2
1422,4043,1977,GasA,Y,2,0,2,4,2
1423,4435,2003,GasA,Y,1,0,1,3,2
1424,19690,1966,GasA,Y,2,0,4,8,2
1425,9503,1958,GasA,Y,1,0,2,6,1
1426,10721,1959,GasA,Y,1,0,3,7,2
1427,10944,1994,GasA,Y,2,1,3,5,2
1428,10930,1945,GasA,Y,1,1,3,6,1
1429,7200,1940,GasA,Y,1,0,2,4,1
1430,12546,1981,GasA,Y,2,0,3,7,2
1431,21930,2005,GasA,Y,2,1,4,7,2
1432,4928,1976,GasA,Y,2,0,2,5,2
1433,10800,1927,GasA,Y,2,0,4,5,1
1434,10261,2000,GasA,Y,2,1,3,8,2
1435,17400,1977,GasA,Y,2,0,3,5,2
1436,8400,1962,GasA,Y,1,1,3,7,2
1437,9000,1971,GasA,Y,1,0,3,5,2
1438,12444,2008,GasA,Y,2,0,2,7,3
1439,7407,1957,GasA,Y,1,0,2,6,2
1440,11584,1979,GasA,Y,2,1,3,6,2
1441,11526,1922,GasA,Y,2,0,3,11,2
1442,4426,2004,GasA,Y,1,0,1,3,2
1443,11003,2008,GasA,Y,2,1,3,10,3
1444,8854,1916,Grav,N,1,0,2,4,1
1445,8500,2004,GasA,Y,2,0,3,7,2
1446,8400,1966,GasA,Y,1,0,3,6,1
1447,26142,1962,GasA,Y,1,0,3,6,1
1448,10000,1995,GasA,Y,2,1,3,8,2
1449,11767,1910,GasA,N,1,1,2,6,1
1450,1533,1970,GasA,Y,1,0,1,3,0
1451,9000,1974,GasA,Y,2,2,4,8,0
1452,9262,2008,GasA,Y,2,0,3,7,3
1453,3675,2005,GasA,Y,1,0,2,5,2
1454,17217,2006,GasA,Y,1,0,3,6,0
1455,7500,2004,GasA,Y,2,0,2,6,2
1456,7917,1999,GasA,Y,2,1,3,7,2
1457,13175,1978,GasA,Y,2,0,3,7,2
1458,9042,1941,GasA,Y,2,0,4,9,1
1459,9717,1950,GasA,Y,1,0,2,5,1
1460,9937,1965,GasA,Y,1,1,3,6,1
